{
  "hash": "cf43d6ea",
  "configHash": "68453c08",
  "lockfileHash": "d9c4ed66",
  "browserHash": "28e42167",
  "optimized": {
    "@angular/common": {
      "src": "../../../../../node_modules/@angular/common/fesm2022/common.mjs",
      "file": "@angular_common.js",
      "fileHash": "ae378bd9",
      "needsInterop": false
    },
    "@angular/common/http": {
      "src": "../../../../../node_modules/@angular/common/fesm2022/http.mjs",
      "file": "@angular_common_http.js",
      "fileHash": "f11a6aeb",
      "needsInterop": false
    },
    "@angular/core": {
      "src": "../../../../../node_modules/@angular/core/fesm2022/core.mjs",
      "file": "@angular_core.js",
      "fileHash": "d4441a4a",
      "needsInterop": false
    },
    "@angular/forms": {
      "src": "../../../../../node_modules/@angular/forms/fesm2022/forms.mjs",
      "file": "@angular_forms.js",
      "fileHash": "87d182b6",
      "needsInterop": false
    },
    "@angular/platform-browser": {
      "src": "../../../../../node_modules/@angular/platform-browser/fesm2022/platform-browser.mjs",
      "file": "@angular_platform-browser.js",
      "fileHash": "a73a8c8c",
      "needsInterop": false
    },
    "@angular/router": {
      "src": "../../../../../node_modules/@angular/router/fesm2022/router.mjs",
      "file": "@angular_router.js",
      "fileHash": "a35670e3",
      "needsInterop": false
    },
    "rxjs": {
      "src": "../../../../../node_modules/rxjs/dist/esm5/index.js",
      "file": "rxjs.js",
      "fileHash": "d4cee841",
      "needsInterop": false
    },
    "rxjs/operators": {
      "src": "../../../../../node_modules/rxjs/dist/esm5/operators/index.js",
      "file": "rxjs_operators.js",
      "fileHash": "af96b27a",
      "needsInterop": false
    }
  },
  "chunks": {
    "chunk-FGIJWRIL": {
      "file": "chunk-FGIJWRIL.js"
    },
    "chunk-2DJJH5CC": {
      "file": "chunk-2DJJH5CC.js"
    },
    "chunk-APQJ6POP": {
      "file": "chunk-APQJ6POP.js"
    },
    "chunk-IGJZNA3K": {
      "file": "chunk-IGJZNA3K.js"
    },
    "chunk-V4GYEGQC": {
      "file": "chunk-V4GYEGQC.js"
    },
    "chunk-CONQKHOI": {
      "file": "chunk-CONQKHOI.js"
    },
    "chunk-GC5FLHL6": {
      "file": "chunk-GC5FLHL6.js"
    }
  }
}